<?xml version="1.0" encoding="UTF-8" standalone="no"?>
<catalog xmlns="urn:oasis:names:tc:entity:xmlns:xml:catalog" prefer="system">
    <system systemId="http://localhost:8080/EscuelaWS/UsuarioWS?wsdl" uri="src/conf/xml-resources/web-service-references/UsuarioWS/wsdl/localhost_8080/EscuelaWS/UsuarioWS.wsdl"/>
    <system systemId="http://localhost:8080/EscuelaWS/UsuarioWS?xsd=1" uri="src/conf/xml-resources/web-service-references/UsuarioWS/wsdl/localhost_8080/EscuelaWS/UsuarioWS.xsd_1.xsd"/>
    <system systemId="http://localhost:8080/EscuelaWS/admin/GrupoWS?wsdl" uri="src/conf/xml-resources/web-service-references/GrupoWS/wsdl/localhost_8080/EscuelaWS/admin/GrupoWS.wsdl"/>
    <system systemId="http://localhost:8080/EscuelaWS/admin/GrupoWS?xsd=1" uri="src/conf/xml-resources/web-service-references/GrupoWS/wsdl/localhost_8080/EscuelaWS/admin/GrupoWS.xsd_1.xsd"/>
    <system systemId="http://localhost:8080/EscuelaWS/GeneralWS?wsdl" uri="src/conf/xml-resources/web-service-references/GeneralWS/wsdl/localhost_8080/EscuelaWS/GeneralWS.wsdl"/>
    <system systemId="http://localhost:8080/EscuelaWS/GeneralWS?xsd=1" uri="src/conf/xml-resources/web-service-references/GeneralWS/wsdl/localhost_8080/EscuelaWS/GeneralWS.xsd_1.xsd"/>
    <system systemId="http://localhost:8080/EscuelaWS/admin/UsuarioWS?wsdl" uri="src/conf/xml-resources/web-service-references/UsuarioWS/wsdl/localhost_8080/EscuelaWS/admin/UsuarioWS.wsdl"/>
    <system systemId="http://localhost:8080/EscuelaWS/admin/UsuarioWS?xsd=1" uri="src/conf/xml-resources/web-service-references/UsuarioWS/wsdl/localhost_8080/EscuelaWS/admin/UsuarioWS.xsd_1.xsd"/>
</catalog>