<?xml version="1.0" encoding="UTF-8"?><!--
        *** GENERATED FROM jax-ws.xml - DO NOT EDIT !                             ***
        *** TO MODIFY wsimport options USE Web Service node -> Edit WS Attributes ***
        *** TO CHANGE TARGETS GENERATED TO jaxws-build.xml COPY THOSE             ***
        *** TARGETS TO ../build.xml AND MODIFY THAT FILE INSTEAD                  ***

        --><project xmlns:xalan="http://xml.apache.org/xslt" xmlns:webproject2="http://www.netbeans.org/ns/web-project/2" xmlns:jaxws="http://www.netbeans.org/ns/jax-ws/1">
    <!--
                ===================
                JAX-WS WSGEN SECTION
                ===================
            -->
    <!--
                ===================
                JAX-WS WSIMPORT SECTION
                ===================
            -->
    <target name="wsimport-init" depends="init">
        <fail if="${wsimport.bad.version}" message="WsImport ant task defined in the classpath ${j2ee.platform.wsimport.classpath} has a serious bug. See http://wiki.netbeans.org/MetroIssue for details."/>
        <mkdir dir="${build.generated.sources.dir}/jax-ws"/>
        <property name="j2ee.platform.wsimport.classpath" value="${libs.jaxws21.classpath}"/>
        <taskdef name="wsimport" classname="com.sun.tools.ws.ant.WsImport">
            <classpath path="${java.home}/../lib/tools.jar:${j2ee.platform.wsimport.classpath}:${javac.classpath}"/>
        </taskdef>
        <condition property="conf-dir" value="${conf.dir}/" else="">
            <isset property="conf.dir"/>
        </condition>
    </target>
    <target name="wsimport-client-GrupoWS" depends="wsimport-init">
        <mkdir dir="${build.generated.dir}/jax-wsCache/GrupoWS"/>
        <wsimport sourcedestdir="${build.generated.dir}/jax-wsCache/GrupoWS" destdir="${build.generated.dir}/jax-wsCache/GrupoWS" wsdl="${basedir}/${conf-dir}xml-resources/web-service-references/GrupoWS/wsdl/localhost_8080/EscuelaWS/admin/GrupoWS.wsdl" catalog="catalog.xml" encoding="${source.encoding}" extension="true" verbose="true" fork="false" wsdlLocation="http://localhost:8080/EscuelaWS/admin/GrupoWS?wsdl" xnocompile="true" xendorsed="true" package="com.matersys.escuelaapp.ws.client.grupo">
            <depends file="${basedir}/${conf-dir}xml-resources/web-service-references/GrupoWS/wsdl/localhost_8080/EscuelaWS/admin/GrupoWS.wsdl"/>
            <produces dir="${build.generated.dir}/jax-wsCache/GrupoWS"/>
        </wsimport>
        <copy todir="${build.generated.sources.dir}/jax-ws">
            <fileset dir="${build.generated.dir}/jax-wsCache/GrupoWS">
                <include name="**/*.java"/>
            </fileset>
        </copy>
    </target>
    <target name="wsimport-client-clean-GrupoWS" depends="-init-project">
        <delete dir="${build.generated.sources.dir}/jax-ws/com/matersys/escuelaapp/ws/client/grupo"/>
        <delete dir="${build.generated.dir}/jax-wsCache/GrupoWS"/>
    </target>
    <target name="wsimport-client-GeneralWS" depends="wsimport-init">
        <mkdir dir="${build.generated.dir}/jax-wsCache/GeneralWS"/>
        <wsimport sourcedestdir="${build.generated.dir}/jax-wsCache/GeneralWS" destdir="${build.generated.dir}/jax-wsCache/GeneralWS" wsdl="${basedir}/${conf-dir}xml-resources/web-service-references/GeneralWS/wsdl/localhost_8080/EscuelaWS/GeneralWS.wsdl" catalog="catalog.xml" encoding="${source.encoding}" extension="true" verbose="true" fork="false" wsdlLocation="http://localhost:8080/EscuelaWS/GeneralWS?wsdl" xnocompile="true" xendorsed="true" package="com.matersys.escuelaapp.ws.client.general">
            <depends file="${basedir}/${conf-dir}xml-resources/web-service-references/GeneralWS/wsdl/localhost_8080/EscuelaWS/GeneralWS.wsdl"/>
            <produces dir="${build.generated.dir}/jax-wsCache/GeneralWS"/>
        </wsimport>
        <copy todir="${build.generated.sources.dir}/jax-ws">
            <fileset dir="${build.generated.dir}/jax-wsCache/GeneralWS">
                <include name="**/*.java"/>
            </fileset>
        </copy>
    </target>
    <target name="wsimport-client-clean-GeneralWS" depends="-init-project">
        <delete dir="${build.generated.sources.dir}/jax-ws/com/matersys/escuelaapp/ws/client/general"/>
        <delete dir="${build.generated.dir}/jax-wsCache/GeneralWS"/>
    </target>
    <target name="wsimport-client-UsuarioWS" depends="wsimport-init">
        <mkdir dir="${build.generated.dir}/jax-wsCache/UsuarioWS"/>
        <wsimport sourcedestdir="${build.generated.dir}/jax-wsCache/UsuarioWS" destdir="${build.generated.dir}/jax-wsCache/UsuarioWS" wsdl="${basedir}/${conf-dir}xml-resources/web-service-references/UsuarioWS/wsdl/localhost_8080/EscuelaWS/admin/UsuarioWS.wsdl" catalog="catalog.xml" encoding="${source.encoding}" extension="true" verbose="true" fork="false" wsdlLocation="http://localhost:8080/EscuelaWS/admin/UsuarioWS?wsdl" xnocompile="true" xendorsed="true" package="com.matersys.escuelaapp.ws.client.usuario">
            <depends file="${basedir}/${conf-dir}xml-resources/web-service-references/UsuarioWS/wsdl/localhost_8080/EscuelaWS/admin/UsuarioWS.wsdl"/>
            <produces dir="${build.generated.dir}/jax-wsCache/UsuarioWS"/>
        </wsimport>
        <copy todir="${build.generated.sources.dir}/jax-ws">
            <fileset dir="${build.generated.dir}/jax-wsCache/UsuarioWS">
                <include name="**/*.java"/>
            </fileset>
        </copy>
    </target>
    <target name="wsimport-client-clean-UsuarioWS" depends="-init-project">
        <delete dir="${build.generated.sources.dir}/jax-ws/com/matersys/escuelaapp/ws/client/usuario"/>
        <delete dir="${build.generated.dir}/jax-wsCache/UsuarioWS"/>
    </target>
    <target name="wsimport-client-generate" depends="wsimport-client-GrupoWS, wsimport-client-GeneralWS, wsimport-client-UsuarioWS"/>
</project>
