<?xml version="1.0" encoding="UTF-8"?>
<project-private xmlns="http://www.netbeans.org/ns/project-private/1">
    <editor-bookmarks xmlns="http://www.netbeans.org/ns/editor-bookmarks/2" lastBookmarkId="0"/>
    <open-files xmlns="http://www.netbeans.org/ns/projectui-open-files/2">
        <group>
            <file>file:/C:/Users/Alejandro%20Elias/Documents/NetBeansProjects/EscuelaApp/web/menu.jsp</file>
            <file>file:/C:/Users/Alejandro%20Elias/Documents/NetBeansProjects/EscuelaApp/src/java/com/matersys/escuelaapp/web/form/BandejaGruposForm.java</file>
            <file>file:/C:/Users/Alejandro%20Elias/Documents/NetBeansProjects/EscuelaApp/web/WEB-INF/struts-config.xml</file>
            <file>file:/C:/Users/Alejandro%20Elias/Documents/NetBeansProjects/EscuelaApp/src/java/com/matersys/escuelaapp/web/form/BandejaGradosForm.java</file>
            <file>file:/C:/Users/Alejandro%20Elias/Documents/NetBeansProjects/EscuelaApp/web/bandejaGrupos.jsp</file>
            <file>file:/C:/Users/Alejandro%20Elias/Documents/NetBeansProjects/EscuelaApp/web/BandejaGrados.jsp</file>
            <file>file:/C:/Users/Alejandro%20Elias/Documents/NetBeansProjects/EscuelaApp/src/java/com/matersys/escuelaapp/web/action/BandejaGruposAction.java</file>
        </group>
    </open-files>
</project-private>
